[
  {
    "text": "heh jasem",
    "sender": "mkel",
    "receiver": "jam",
    "seen": false,
    "serial": 1000009,
    "time": "2021/03/31 18:06:50"
  },
  {
    "text": "mamy",
    "sender": "mkel",
    "receiver": "are",
    "seen": false,
    "serial": 1000010,
    "time": "2021/03/31 18:07:29"
  },
  {
    "text": "jajaajajaja",
    "sender": "mkel",
    "receiver": "samkel",
    "seen": true,
    "serial": 1000011,
    "time": "2021/03/31 18:07:48"
  },
  {
    "text": "babaaakkkkkkqq",
    "sender": "mkel",
    "receiver": "samkel",
    "seen": true,
    "serial": 1000012,
    "time": "2021/03/31 18:24:27"
  },
  {
    "text": "salam pesaram",
    "sender": "samkel",
    "receiver": "mkel",
    "seen": true,
    "serial": 1000013,
    "time": "2021/03/31 19:22:56"
  },
  {
    "text": "khoobi?",
    "sender": "samkel",
    "receiver": "mkel",
    "seen": true,
    "serial": 1000014,
    "time": "2021/03/31 19:23:06"
  },
  {
    "text": "mamnoon bab",
    "sender": "mkel",
    "receiver": "samkel",
    "seen": true,
    "serial": 1000015,
    "time": "2021/03/31 19:24:54"
  },
  {
    "text": "baba",
    "sender": "mkel",
    "receiver": "samkel",
    "seen": true,
    "serial": 1000016,
    "time": "2021/03/31 19:24:57"
  },
  {
    "text": "to khubi?",
    "sender": "mkel",
    "receiver": "samkel",
    "seen": true,
    "serial": 1000017,
    "time": "2021/03/31 19:25:02"
  },
  {
    "text": "بله پسرم ",
    "sender": "mkel",
    "receiver": "samkel",
    "seen": true,
    "serial": 1000018,
    "time": "2021/03/31 19:25:18"
  },
  {
    "text": "بد نیستم",
    "sender": "mkel",
    "receiver": "samkel",
    "seen": true,
    "serial": 1000019,
    "time": "2021/03/31 19:25:23"
  },
  {
    "text": "چه خبر؟",
    "sender": "mkel",
    "receiver": "samkel",
    "seen": true,
    "serial": 1000020,
    "time": "2021/03/31 19:25:26"
  },
  {
    "text": "چیکارا میکنی؟",
    "sender": "mkel",
    "receiver": "samkel",
    "seen": true,
    "serial": 1000021,
    "time": "2021/03/31 19:25:30"
  },
  {
    "text": "تو پسرمی احمق",
    "sender": "samkel",
    "receiver": "mkel",
    "seen": true,
    "serial": 1000022,
    "time": "2021/03/31 19:26:11"
  },
  {
    "text": "قربون پسر خنگم برم",
    "sender": "samkel",
    "receiver": "mkel",
    "seen": true,
    "serial": 1000023,
    "time": "2021/03/31 19:26:21"
  },
  {
    "text": "c",
    "sender": "mkel",
    "receiver": "samkel",
    "seen": true,
    "serial": 1000024,
    "time": "2021/03/31 19:44:43"
  },
  {
    "text": "Salam pesaram khubi??",
    "sender": "samkel",
    "receiver": "mkel",
    "seen": true,
    "serial": 1000025,
    "time": "2021/03/31 19:48:01"
  },
  {
    "text": "papa",
    "sender": "mkel",
    "receiver": "samkel",
    "seen": true,
    "serial": 1000026,
    "time": "2021/03/31 19:55:47"
  },
  {
    "text": "",
    "sender": "mkel",
    "receiver": "samkel",
    "seen": true,
    "serial": 1000027,
    "time": "2021/03/31 19:55:54"
  },
  {
    "text": "jinikm",
    "sender": "mkel",
    "receiver": "samkel",
    "seen": true,
    "serial": 1000028,
    "time": "2021/03/31 19:59:27"
  },
  {
    "text": "salaaaam",
    "sender": "mkel",
    "receiver": "samkel",
    "seen": true,
    "serial": 1000029,
    "time": "2021/03/31 20:07:17"
  },
  {
    "text": "",
    "sender": "mkel",
    "receiver": "samkel",
    "seen": true,
    "serial": 1000030,
    "time": "2021/03/31 20:07:19"
  },
  {
    "text": "hey maman",
    "sender": "mkel",
    "receiver": "are",
    "seen": false,
    "serial": 1000031,
    "time": "2021/03/31 20:17:08"
  },
  {
    "text": "helo dad",
    "sender": "ali",
    "receiver": "samkel",
    "seen": false,
    "serial": 1000032,
    "time": "2021/03/31 22:12:17"
  },
  {
    "text": "sickman",
    "sender": "ali",
    "receiver": "ali",
    "seen": true,
    "serial": 1000042,
    "time": "2021/03/31 23:48:28"
  },
  {
    "text": "aian",
    "sender": "ali",
    "receiver": "ali",
    "seen": true,
    "serial": 1000043,
    "time": "2021/03/31 23:49:53"
  },
  {
    "text": "",
    "sender": "ali",
    "receiver": "ali",
    "seen": true,
    "serial": 1000044,
    "time": "2021/03/31 23:49:55"
  },
  {
    "text": "",
    "sender": "ali",
    "receiver": "ali",
    "seen": true,
    "serial": 1000045,
    "time": "2021/03/31 23:49:57"
  },
  {
    "text": "",
    "sender": "ali",
    "receiver": "ali",
    "seen": true,
    "serial": 1000046,
    "time": "2021/03/31 23:50:05"
  },
  {
    "text": "Forwarded Twitte from samkel : test4",
    "sender": "ali",
    "receiver": "jam",
    "seen": true,
    "serial": 1000047,
    "time": "2021/04/01 12:07:54"
  },
  {
    "text": "Forwarded Twitte from ali : rarara",
    "sender": "ali",
    "receiver": "jam",
    "seen": true,
    "serial": 1000048,
    "time": "2021/04/01 12:09:18"
  },
  {
    "text": "Forwarded Twitte from jam : heeell",
    "sender": "ali",
    "receiver": "samkel",
    "seen": false,
    "serial": 1000049,
    "time": "2021/04/01 12:13:39"
  },
  {
    "text": "Forwarded Twitte from samkel : yeah baby",
    "sender": "ali",
    "receiver": "samkel",
    "seen": false,
    "serial": 1000050,
    "time": "2021/04/01 12:15:02"
  },
  {
    "text": "Forwarded Twitte from samkel : yeah baby",
    "sender": "ali",
    "receiver": "samkel",
    "seen": false,
    "serial": 1000051,
    "time": "2021/04/01 14:22:58"
  },
  {
    "text": "Forwarded Twitte from samkel : test5",
    "sender": "ali",
    "receiver": "samkel",
    "seen": false,
    "serial": 1000052,
    "time": "2021/04/01 14:25:18"
  },
  {
    "text": "karma",
    "sender": "razoo",
    "receiver": "koasas",
    "seen": false,
    "serial": 1000053,
    "time": "2021/04/01 23:50:09"
  },
  {
    "text": "karma",
    "sender": "razoo",
    "receiver": "nik",
    "seen": false,
    "serial": 1000054,
    "time": "2021/04/01 23:50:09"
  },
  {
    "text": "karma",
    "sender": "razoo",
    "receiver": "kamin",
    "seen": false,
    "serial": 1000055,
    "time": "2021/04/01 23:50:09"
  },
  {
    "text": "karma",
    "sender": "razoo",
    "receiver": "are",
    "seen": true,
    "serial": 1000056,
    "time": "2021/04/01 23:50:09"
  },
  {
    "text": "hmmale khar",
    "sender": "razoo",
    "receiver": "are",
    "seen": true,
    "serial": 1000057,
    "time": "2021/04/01 23:54:36"
  },
  {
    "text": "hmmale khar",
    "sender": "razoo",
    "receiver": "samkel",
    "seen": true,
    "serial": 1000058,
    "time": "2021/04/01 23:54:37"
  },
  {
    "text": "hmmale khar",
    "sender": "razoo",
    "receiver": "kamin",
    "seen": false,
    "serial": 1000059,
    "time": "2021/04/01 23:54:41"
  },
  {
    "text": "hmmale khar",
    "sender": "razoo",
    "receiver": "nik",
    "seen": false,
    "serial": 1000060,
    "time": "2021/04/01 23:54:43"
  },
  {
    "text": "jamali:0",
    "sender": "razoo",
    "receiver": "are",
    "seen": true,
    "serial": 1000061,
    "time": "2021/04/01 23:55:25"
  },
  {
    "text": "baeaye hamatoon:)",
    "sender": "razoo",
    "receiver": "are",
    "seen": true,
    "serial": 1000062,
    "time": "2021/04/01 23:56:52"
  },
  {
    "text": "baeaye hamatoon:)",
    "sender": "razoo",
    "receiver": "samkel",
    "seen": true,
    "serial": 1000063,
    "time": "2021/04/01 23:56:52"
  },
  {
    "text": "baeaye hamatoon:)",
    "sender": "razoo",
    "receiver": "jam",
    "seen": false,
    "serial": 1000064,
    "time": "2021/04/01 23:56:52"
  },
  {
    "text": "baeaye hamatoon:)",
    "sender": "razoo",
    "receiver": "nik",
    "seen": false,
    "serial": 1000065,
    "time": "2021/04/01 23:56:52"
  },
  {
    "text": "baeaye hamatoon:)",
    "sender": "razoo",
    "receiver": "kamin",
    "seen": false,
    "serial": 1000066,
    "time": "2021/04/01 23:56:52"
  },
  {
    "text": "baeaye hamatoon:)",
    "sender": "razoo",
    "receiver": "mkel",
    "seen": false,
    "serial": 1000067,
    "time": "2021/04/01 23:56:52"
  },
  {
    "text": "khodati",
    "sender": "samkel",
    "receiver": "razoo",
    "seen": true,
    "serial": 1000068,
    "time": "2021/04/02 02:23:31"
  },
  {
    "text": "martikeye olagh",
    "sender": "samkel",
    "receiver": "razoo",
    "seen": true,
    "serial": 1000069,
    "time": "2021/04/02 02:23:38"
  },
  {
    "text": "hi",
    "sender": "are",
    "receiver": "samkel",
    "seen": false,
    "serial": 1000070,
    "time": "2021/04/02 03:55:46"
  },
  {
    "text": "hi",
    "sender": "are",
    "receiver": "jam",
    "seen": false,
    "serial": 1000071,
    "time": "2021/04/02 03:55:46"
  }
]