[
  {
    "text": "test1",
    "sender": "samkel",
    "likes": [
      "Likes:"
    ],
    "comments": [
      0
    ],
    "retwittes": [
      "Retwittes:"
    ],
    "serial": 1000022,
    "time": "2021/03/29 02:43:42"
  },
  {
    "text": "test2",
    "sender": "samkel",
    "likes": [
      "Likes:",
      "mkel"
    ],
    "comments": [
      0
    ],
    "retwittes": [
      "Retwittes:",
      "are"
    ],
    "serial": 1000023,
    "time": "2021/03/29 02:43:47"
  },
  {
    "text": "test3",
    "sender": "samkel",
    "likes": [
      "Likes:"
    ],
    "comments": [
      0,
      1000078
    ],
    "retwittes": [
      "Retwittes:"
    ],
    "serial": 1000024,
    "time": "2021/03/29 02:43:50"
  },
  {
    "text": "test4",
    "sender": "samkel",
    "likes": [
      "Likes:",
      "are"
    ],
    "comments": [
      0,
      1000081,
      1000082,
      1000089,
      1000092
    ],
    "retwittes": [
      "Retwittes:"
    ],
    "serial": 1000025,
    "time": "2021/03/29 02:43:54"
  },
  {
    "text": "test5",
    "sender": "samkel",
    "likes": [
      "Likes:",
      "are"
    ],
    "comments": [
      0,
      1000070
    ],
    "retwittes": [
      "Retwittes:",
      "are",
      "samkel"
    ],
    "serial": 1000026,
    "time": "2021/03/29 02:43:58"
  },
  {
    "text": "hello guys :\u003e\u003e\u003e",
    "sender": "samkel",
    "likes": [
      "Likes:"
    ],
    "comments": [
      0
    ],
    "retwittes": [
      "Retwittes:"
    ],
    "serial": 1000027,
    "time": "2021/03/29 06:38:38"
  },
  {
    "text": "vaghti atse mikonim ...",
    "sender": "kamin",
    "likes": [
      "Likes:",
      "koasas"
    ],
    "comments": [
      0,
      1000079
    ],
    "retwittes": [
      "Retwittes:",
      "koasas"
    ],
    "serial": 1000029,
    "time": "2021/03/29 07:50:44"
  },
  {
    "text": "marg bar amrika",
    "sender": "are",
    "likes": [
      "Likes:"
    ],
    "comments": [
      0
    ],
    "retwittes": [
      "Retwittes:",
      "are"
    ],
    "serial": 1000070,
    "time": "2021/03/29 23:29:23"
  },
  {
    "text": "arez mibine !",
    "sender": "samkel",
    "likes": [
      "Likes:"
    ],
    "comments": [
      0
    ],
    "retwittes": [
      "Retwittes:"
    ],
    "serial": 1000078,
    "time": "2021/03/30 07:44:07"
  },
  {
    "text": "yeah baby",
    "sender": "samkel",
    "likes": [
      "Likes:",
      "are"
    ],
    "comments": [
      0
    ],
    "retwittes": [
      "Retwittes:"
    ],
    "serial": 1000079,
    "time": "2021/03/30 07:45:09"
  },
  {
    "text": "helo im arez",
    "sender": "are",
    "likes": [
      "Likes:"
    ],
    "comments": [
      0,
      1000086,
      1000087
    ],
    "retwittes": [
      "Retwittes:"
    ],
    "serial": 1000080,
    "time": "2021/03/30 07:55:09"
  },
  {
    "text": "salam",
    "sender": "are",
    "likes": [
      "Likes:"
    ],
    "comments": [
      0
    ],
    "retwittes": [
      "Retwittes:"
    ],
    "serial": 1000081,
    "time": "2021/03/30 22:29:18"
  },
  {
    "text": "khoobi",
    "sender": "are",
    "likes": [
      "Likes:"
    ],
    "comments": [
      0
    ],
    "retwittes": [
      "Retwittes:"
    ],
    "serial": 1000082,
    "time": "2021/03/30 22:29:32"
  },
  {
    "text": "salaaaaaaaaaam",
    "sender": "jam",
    "likes": [
      "Likes:"
    ],
    "comments": [
      0
    ],
    "retwittes": [
      "Retwittes:"
    ],
    "serial": 1000083,
    "time": "2021/03/31 11:39:13"
  },
  {
    "text": "hi",
    "sender": "jam",
    "likes": [
      "Likes:"
    ],
    "comments": [
      0
    ],
    "retwittes": [
      "Retwittes:"
    ],
    "serial": 1000084,
    "time": "2021/03/31 11:39:27"
  },
  {
    "text": "saaaaalaaaaam",
    "sender": "jam",
    "likes": [
      "Likes:"
    ],
    "comments": [
      0
    ],
    "retwittes": [
      "Retwittes:",
      "jam"
    ],
    "serial": 1000085,
    "time": "2021/03/31 11:39:32"
  },
  {
    "text": "sal",
    "sender": "jam",
    "likes": [
      "Likes:"
    ],
    "comments": [
      0
    ],
    "retwittes": [
      "Retwittes:"
    ],
    "serial": 1000086,
    "time": "2021/03/31 11:44:29"
  },
  {
    "text": "heeell",
    "sender": "jam",
    "likes": [
      "Likes:"
    ],
    "comments": [
      0
    ],
    "retwittes": [
      "Retwittes:"
    ],
    "serial": 1000087,
    "time": "2021/03/31 11:44:36"
  },
  {
    "text": "helllo",
    "sender": "mkel",
    "likes": [
      "Likes:"
    ],
    "comments": [
      0
    ],
    "retwittes": [
      "Retwittes:"
    ],
    "serial": 1000088,
    "time": "2021/03/31 20:50:05"
  },
  {
    "text": "heheheheeh",
    "sender": "ali",
    "likes": [
      "Likes:"
    ],
    "comments": [
      0
    ],
    "retwittes": [
      "Retwittes:"
    ],
    "serial": 1000089,
    "time": "2021/03/31 22:10:47"
  },
  {
    "text": "mkel",
    "sender": "ali",
    "likes": [
      "Likes:"
    ],
    "comments": [
      0
    ],
    "retwittes": [
      "Retwittes:"
    ],
    "serial": 1000090,
    "time": "2021/03/31 22:11:41"
  },
  {
    "text": "salaaaamauhvufnvu",
    "sender": "are",
    "likes": [
      "Likes:"
    ],
    "comments": [
      0
    ],
    "retwittes": [
      "Retwittes:"
    ],
    "serial": 1000091,
    "time": "2021/04/01 11:26:20"
  },
  {
    "text": "rarara",
    "sender": "ali",
    "likes": [
      "Likes:"
    ],
    "comments": [
      0
    ],
    "retwittes": [
      "Retwittes:"
    ],
    "serial": 1000092,
    "time": "2021/04/01 11:36:31"
  },
  {
    "text": "nkscmac",
    "sender": "razoo",
    "likes": [
      "Likes:"
    ],
    "comments": [
      0
    ],
    "retwittes": [
      "Retwittes:"
    ],
    "serial": 1000094,
    "time": "2021/04/02 03:57:04"
  },
  {
    "text": "hello",
    "sender": "razoo",
    "likes": [
      "Likes:"
    ],
    "comments": [
      0
    ],
    "retwittes": [
      "Retwittes:"
    ],
    "serial": 1000095,
    "time": "2021/04/02 05:01:48"
  },
  {
    "text": "lili hozak!",
    "sender": "samkel",
    "likes": [
      "Likes:"
    ],
    "comments": [
      0
    ],
    "retwittes": [
      "Retwittes:"
    ],
    "serial": 1000096,
    "time": "2021/04/02 05:03:39"
  }
]