[
  {
    "name": "arezoo",
    "username": "are",
    "password": "",
    "birthday": "1353/5/28",
    "email": "omidvaria@gmail.com",
    "phonenumber": "9126196836",
    "bio": "My",
    "ID": 100000,
    "enable": true,
    "lastseen": "Online",
    "followings": [
      "Followings:",
      "samkel",
      "jam"
    ],
    "followers": [
      "Followers:",
      "ali"
    ],
    "blocks": [
      "Blocks:"
    ],
    "mutes": [
      "Mutes:",
      "kamin"
    ],
    "privacy": [
      1,
      1,
      1,
      1
    ],
    "account": true,
    "twittesaved": [
      1,
      1000027,
      1000089,
      1000078,
      1000023,
      1000091,
      1000092
    ],
    "pmsaved": [
      1,
      1000032,
      1000042,
      1000043,
      1000044,
      1000045,
      1000046
    ],
    "categoiries": [
      [
        "Categories:"
      ]
    ]
  },
  {
    "name": "Samad Omidi",
    "username": "samkel",
    "password": "456987",
    "birthday": "1982/3/9",
    "email": "eklidari@gmail.com",
    "phonenumber": "9171432969",
    "bio": "utahhhh:(",
    "ID": 100001,
    "enable": true,
    "lastseen": "2021/04/02 05:04:31",
    "followings": [
      "Followings:",
      "are",
      "jam"
    ],
    "followers": [
      "Followers:",
      "are",
      "kamin",
      "mkel",
      "ali"
    ],
    "blocks": [
      "Blocks:"
    ],
    "mutes": [
      "Mutes:",
      "jam"
    ],
    "privacy": [
      1,
      1,
      1,
      3
    ],
    "account": false,
    "twittesaved": [
      1,
      1000027,
      1000089,
      1000078,
      1000023,
      1000091,
      1000092
    ],
    "pmsaved": [
      1,
      1000032,
      1000042,
      1000043,
      1000044,
      1000045,
      1000046
    ],
    "categoiries": [
      [
        "Categories:"
      ]
    ]
  },
  {
    "name": "mani kelidari",
    "username": "mkel",
    "password": "456987",
    "birthday": "//",
    "email": "mkeli@yaho.com",
    "bio": "",
    "ID": 100004,
    "enable": true,
    "lastseen": "2021/03/31 23:55:34",
    "followings": [
      "Followings:",
      "samkel",
      "jam"
    ],
    "followers": [
      "Followers:",
      "ali"
    ],
    "blocks": [
      "Blocks:"
    ],
    "mutes": [
      "Mutes:"
    ],
    "privacy": [
      1,
      1,
      1,
      3
    ],
    "account": true,
    "twittesaved": [
      1,
      1000027,
      1000089,
      1000078,
      1000023,
      1000091,
      1000092
    ],
    "pmsaved": [
      1,
      1000032,
      1000042,
      1000043,
      1000044,
      1000045,
      1000046
    ],
    "categoiries": [
      [
        "Categories:"
      ]
    ]
  },
  {
    "name": "siavash jalali",
    "username": "kamin",
    "password": "SD4514s",
    "birthday": "//",
    "email": "asdas",
    "bio": "",
    "ID": 100006,
    "enable": true,
    "lastseen": "2021/03/27 23:39:02",
    "followings": [
      "Followings:",
      "samkel"
    ],
    "followers": [
      "Followers:",
      "koasas",
      "ali"
    ],
    "blocks": [
      "Blocks:"
    ],
    "mutes": [
      "Mutes:"
    ],
    "privacy": [
      1,
      1,
      1,
      3
    ],
    "account": false
  },
  {
    "name": "sobhan jj",
    "username": "koasas",
    "password": "Armagedon",
    "birthday": "//",
    "email": "ads",
    "bio": "",
    "ID": 100007,
    "enable": true,
    "lastseen": "2021/03/27 23:39:52",
    "followings": [
      "Followings:",
      "kamin"
    ],
    "followers": [
      "Followers:"
    ],
    "blocks": [
      "Blocks:"
    ],
    "mutes": [
      "Mutes:"
    ],
    "privacy": [
      1,
      1,
      1,
      3
    ],
    "account": false,
    "twittesaved": [
      1,
      1000027,
      1000089,
      1000078,
      1000023,
      1000091,
      1000092
    ],
    "pmsaved": [
      1,
      1000032,
      1000042,
      1000043,
      1000044,
      1000045,
      1000046
    ],
    "categoiries": [
      [
        "Categories:"
      ]
    ]
  },
  {
    "name": "Nima Kelidari",
    "username": "nik",
    "password": "Zzzzzz",
    "birthday": "2001/5/5",
    "email": "nikelroid@gmail.com",
    "phonenumber": "09164718990",
    "bio": "salaaaaaaaaaaaaaaaaaam!!!",
    "ID": 100012,
    "enable": true,
    "lastseen": "2021/03/31 07:09:58",
    "followings": [
      "Followings:"
    ],
    "followers": [
      "Followers:",
      "ali"
    ],
    "blocks": [
      "Blocks:"
    ],
    "mutes": [
      "Mutes:"
    ],
    "privacy": [
      2,
      1,
      3,
      2
    ],
    "account": false,
    "twittesaved": [
      1,
      1000027,
      1000089,
      1000078,
      1000023,
      1000091,
      1000092
    ],
    "pmsaved": [
      1,
      1000032,
      1000042,
      1000043,
      1000044,
      1000045,
      1000046
    ],
    "categoiries": [
      [
        "Categories:"
      ]
    ]
  },
  {
    "name": "jasem ahmadi",
    "username": "jam",
    "password": "Zzzzzz",
    "birthday": "//",
    "email": "a",
    "bio": "8",
    "ID": 100013,
    "enable": true,
    "lastseen": "Online",
    "followings": [
      "Followings:"
    ],
    "followers": [
      "Followers:",
      "mkel",
      "samkel",
      "samkel",
      "are",
      "ali"
    ],
    "blocks": [
      "Blocks:"
    ],
    "mutes": [
      "Mutes:"
    ],
    "privacy": [
      1,
      1,
      1,
      3
    ],
    "account": true,
    "twittesaved": [
      1,
      1000027,
      1000089,
      1000078,
      1000023,
      1000091,
      1000092
    ],
    "pmsaved": [
      1,
      1000032,
      1000042,
      1000043,
      1000044,
      1000045,
      1000046
    ],
    "categoiries": [
      [
        "Categories:"
      ]
    ]
  },
  {
    "name": "hatef bali",
    "username": "ali",
    "password": "Asd123",
    "birthday": "//",
    "email": "4",
    "bio": "",
    "ID": 100014,
    "enable": true,
    "lastseen": "2021/04/01 14:26:11",
    "followings": [
      "Followings:",
      "are",
      "samkel",
      "jam",
      "nik",
      "kamin",
      "mkel"
    ],
    "followers": [
      "Followers:"
    ],
    "blocks": [
      "Blocks:"
    ],
    "mutes": [
      "Mutes:"
    ],
    "privacy": [
      2,
      1,
      1,
      1
    ],
    "account": true,
    "twittesaved": [
      1,
      1000027,
      1000089,
      1000078,
      1000023,
      1000091,
      1000092
    ],
    "pmsaved": [
      1,
      1000032,
      1000042,
      1000043,
      1000044,
      1000045,
      1000046
    ],
    "categoiries": [
      [
        "Categories:"
      ]
    ]
  },
  {
    "name": "reza razavi",
    "username": "razoo",
    "password": "Zzzzzz",
    "birthday": "//",
    "email": "zaz",
    "bio": "",
    "ID": 100015,
    "enable": true,
    "lastseen": "2021/04/02 05:07:36",
    "followings": [
      "Followings:",
      "are",
      "samkel",
      "jam",
      "nik",
      "kamin",
      "mkel"
    ],
    "followers": [
      "Followers:"
    ],
    "blocks": [
      "Blocks:"
    ],
    "mutes": [
      "Mutes:",
      "are"
    ],
    "privacy": [
      2,
      1,
      1,
      1
    ],
    "account": true,
    "twittesaved": [
      0
    ],
    "pmsaved": [
      0
    ],
    "categoiries": [
      [
        "Categories:"
      ],
      [
        "jam"
      ],
      [
        "girls",
        "koasas",
        "nik",
        "kamin",
        "are"
      ],
      [
        "memes",
        "mkel"
      ],
      [
        "jam"
      ],
      [
        "jam"
      ],
      [
        "jam"
      ]
    ]
  }
]